"Entry ID","Entity ID","Auth Asym ID","Database Name","Accession Code(s)","Sequence","Polymer Entity Sequence Length","Entity Macromolecule Type","Molecular Weight (Entity)",
"3TQN","1","A, B, C","UniProt","Q83DG1","MMRWDDKKPIYQQLRDKIVEAIIDGSYVEGEMIPSIRKISTEYQINPLTVSKAYQSLLDDNVIEKRRGLGMLVKAGARQRLLTQEKQYFLKKQWPQIKNKLERLGIDLKELLK",113,"polypeptide(L)",13.544,
"3TRE","1","A","UniProt","Q83AR4","SNAMATHSTNEFRGGLKVMVDGDPCSIIDNEFVKPGKGQAFNRVKFRNLKTGRVLERTFKSGETLPAADVVEVEMQYLYNDGEFWHFMTSENYEQHAASKEAVAEAKQWLKEEALCMVTMWNGVPLSVEPPNFVELKITETEPGVRGDTATGGTKRAKLETGAVVRVPLFLNEGEIIKVDTRRGEYVSRAK",191,"polypeptide(L)",21.627,
"3TSY","1","A","UniProt","Q42524","MGSSHHHHHHSSGLVPRGSHMARMAPQEQAVSQVMEKQSNNNNSDVIFRSKLPDIYIPNHLSLHDYIFQNISEFATKPCLINGPTGHVYTYSDVHVISRQIAANFHKLGVNQNDVVMLLLPNCPEFVLSFLAASFRGATATAANPFFTPAEIAKQAKASNTKLIITEARYVDKIKPLQNDDGVVIVCIDDNESVPIPEGCLRFTELTQSTTEASEVIDSVEISPDDVVALPYSSGTTGLPKGVMLTHKGLVTSVAQQVDGENPNLYFHSDDVILCVLPMFHIYALNSIMLCGLRVGAAILIMPKFEINLLLELIQRCKVTVAPMVPPIVLAIAKSSETEKYDLSSIRVVKSGAAPLGKELEDAVNAKFPNAKLGQGYGMTEAGPVLAMSLGFAKEPFPVKSGACGTVVRNAEMKIVDPDTGDSLSRNQPGEICIRGHQIMKGYLNNPAATAETIDKDGWLHTGDIGLIDDDDELFIVDRLKELIKYKGFQVAPAELEALLIGHPDITDVAVVAMKEEAAGEVPVAFVVKSKDSELSEDDVKQFVSKQVVFYKRINKVFFTESIPKAPSGKILRKDLRAKLANGLGSGMASVEEFRNAQRAKGPATILAIGTATPDHCVYQSDYADYYFKVTKSEHMTALKKKFNRICDKSMIKKRYIHLTEEMLEEHPNIGAYMAPSLNIRQEIITAEVPKLGKEAALKALKEWGQPKSKITHLVFCTTSGVEMPGADYKLANLLGLEPSVRRVMLYHQGCYAGGTVLRTAKDLAENNAGARVLVVCSEITVVTFRGPSEDALDSLVGQALFGDGSAAVIVGSDPDISIERPLFQLVSAAQTFIPNSAGAIAGNLREVGLTFHLWPNVPTLISENVEKCLTQAFDPLGISDWNSLFWIAHPGGPAILDAVEAKLNLDKKKLEATRHVLSEYGNMSSACVLFILDEMRKKSLKGERATTGEGLDWGVLFGFGPGLTIETVVLHSIPMVTN",979,"polypeptide(L)",106.631,
,,,"UniProt","Q2HY10",,,,,
"3U3T","1","A","UniProt","O75509","QPEQKASNLIGTYRHVDRATGQVLTCDKCPAGTYVSEHCTNTSLRVCSSCPVGTFTRHENGIEKCHDCSQPCPWPMIEKLPCAALTDRECTCPPGMFQSNATCAPHTVCPVGWGVRKKGTETEDVRCKQCARGTFSDVPSSVMKCKAYTDCLSQNLVVIKPGTKETDNVCGTLPSFSSSTSPSPGTAIFPRPEHMETHEVPSSTYVPKGMNSTESNSSASVRPKVLSSIQEGTVPDNTSSARGKEDVNKTLPNLQVVNHQQGPHHRHILKLLPSMEATGGEKSSTPIKGPKRGHPRQNLHKHFDINEHHHHHH",313,"polypeptide(L)",34.212,
"3U4K","1","A","UniProt","P21648","ASWSHPQFEKSGGGGGLVPRGSGSSCWQSNSAYEINMAMGRVVVSPDLPVGSVIATKTWTMPDNNTIYVTCDRNTTLKSDAKVVAAGLVQGANKVYSTAIPGIGLRFSRKGAISMIYPDSYTTTGSSFRLAGSTFTLDIIKTSTTTGSGTLASGPYTEYGPGFTILKTSLNADAITIVSPSCTIL",185,"polypeptide(L)",19.452,
"3U71","1","A","UniProt","Q994Q3","PQITLWKRPLVSIKVGGQIKEALLDTGADDTVLEEINLPGKWKPKMIGGIGGFIKVRQYDQILIEICGKKAIGTVLVGPTPVNIIGRNMLTQLGCTLNF",99,"polypeptide(L)",10.767,
"3U9B","1","A, B, C, D, E, F, G, H, I","UniProt","P62577","MEKKITGYTTVDISQWHRKEHFEAFQSVAQCTYNQTVQLDITAFLKTVKKNKHKFYPAFIHILARLMNAHPEFRMAMKDGELVIWDSVHPCYTVFHEQTETFSSLWSEYHDDFRQFLHIYSQDVACYGENLAYFPKGFIENMFFVSANPWVSFTSFDLNVANMDNFFAPVFTMGKYYTQGDKVLMPLAIQVHHAVCDGFHVGRMLNELQQYCDEWQGGA",219,"polypeptide(L)",25.692,
"3UA0","1","A, B","UniProt","P05790","MGHHHHHHMRVKTFVILCCALQYVAYTNANINDFDEDYFGSDVTVQSSNTTDEIIRDASGAVIEEQITTKKMQRKNKNHGILGKNEKMIKTFVITTDSDGNESIVEEDVLMKTLSDGTVAQSYVAADAGAYSQS",134,"polypeptide(L)",15.14,
"3UAK","1","A, B",,,"MFENITAAPADPIYGLADLFRADERPGKINLGLALYYDETGKIPVLTSVKKAEQYLLENETTKLYLGIDGIPEFGRCTQELLFGKGSALINDKRARTAQTPGGHGALRVAADFLAKNTSVKRVWVYNPSSNCSKSVFNSAGLEVREYAYYDAENHTLDFDALINSLNEAQAGDVVLFTGCCHNPTGIDPTLEQWQTLAQLSVEKGWLPLFTFFYQGFARGLEEDAEGLRAFAAMHKELIVASSYSKNFGLYNESVGACTLVAADSETVDRAFSQMKAAIRDNYSSPPAHGASVVATILSNDALRAIWEQELTDMRQRIQRMRQLFVNTLQEKGANRDFSFIIKQNGMFSFSGLTKEQVLRLREEFGVYAVASGRVNVAGMTPDNMAPLCEAIVAVLGSLEHHHHHH",406,"polypeptide(L)",45.274,
"3UAQ","1","A, B","UniProt","H9KVH9","CGGGSFNNPSTIVIGQSKMIEKSDQSKDASAAKDDDNANADTKNKADSRLTMPVLGSVLAIPKRNQAYDKKKLTHLEEHVPLDENNITTAHTNPLPALTKELQERYEGGKIYQSDDKYKFVKAGWIFTGLRPDETIKTDEDTDQPKQYTKGDGYLYYYGDNPTTGLAKGVANYTGHWDFVTDVKRERESTITETTGRQAFGGGSGYKMDSGFGDEVGATSFAEQVFGQYAPRQGNHRAVFKADFDAKKLTGTLSTKQKAIASSPETYVDRYDIDATIKGNRFAGSAIAKNTKSSFLEPNFFNKNADNRLEGGFYGENAEELAGKFLTNDNSVFAVFAGKQD",341,"polypeptide(L)",37.497,
"3UAU","1","A, B","UniProt","A0A0H3P9U7","MGHHHHHHHHHHSSGHIDDDDKHMCGNSIDEKTVKKYENQLNQTVKQEIASLSQDSGIKIEFSDFKCNADGDFIACLSPNFKTLAKDNNDEYQELFQAKNIKIRSNEIYKGETNTSISIKEYYNDLFKNQKSIQSNLVFEDFKLGEKVVSDINASLFQQDPKISSFINKLSSDSYTLSFDNSINKQENNYLDNLDIKFYNAKLNFNTNLNINLKEDLLNYLDSKGIKFNTQTLAMDEQAINELLNMVNYEQASDFSNTIQKYIILNNFKIDSTLKTEGVFSSYIATAKENLQTLKAQSQNEEQALIFDKALAILNNITQNDDYKLNLDLKFKNIPVSDYSTQGIDSIEKLSINNQDATEALKIILPFIMFSMLMGGASF",379,"polypeptide(L)",43.384,
"3UDC","1","A, B, C, D, E, F, G","UniProt","Q8R6L9","MWADIYHKLVEIYDIKAVKFLLDVLKILIIAFIGIKFADFLIYRFYKLYSKSKIQLPQRKIDTLTSLTKNAVRYIIYFLAGASILKLFNIDMTSLLAVAGIGSLAIGFGAQNLVKDMISGFFIIFEDQFSVGDYVTINGISGTVEEIGLRVTKIRGFSDGLHIIPNGEIKMVTNLTKDSMMAVVNIAFPIDEDVDKIIEGLQEICEEVKKSRDDLIEGPTVLGITDMQDSKLVIMVYAKTQPMQKWAVERDIRYRVKKMFDQKNISFPYPQMDVNFKRVKEDKAA",285,"polypeptide(L)",32.462,
,,,"UniProt","P0C0S1",,,,,
"3UF1","1","A, B, C, D","UniProt","P08670","MGHHHHHHSHMSRLGDLYEEEMRELRRQVDQLTNDKARVEVERDNLAEDIMRLREKLQEEMLQREEAENTLQSFRQDVDNASLARLDLERKVESLQEEIAFLKKLHEEEIQELQAQIQE",119,"polypeptide(L)",14.638,
"3UIY","1","A","UniProt","Q53997","MGSHHHHHHGSLKLMIKINEAVFYDRITSNKIIGTGHLFNREGKKILISSSLEKIKNTPGAYIIRGQNNSAHKLRIRIGGEDWQPDNSGIGMVSHSDFTNEFNIYFFGNGDIPVDTYLISIYATEIELDNKQGFVGNKAVVQAAVTIAAKLN",152,"polypeptide(L)",16.914,
,,,"UniProt","P12061",,,,,
"3UIZ","1","A, B, C, D, E, F","UniProt","Q53997","MGSHHHHHHGSLKLMIKINEAVFYDRITSNKIIGTGHLFNREGKKILISSSLEKIKNTPGAYIIRGQNNSAHKLRIRIGGEDWQPDNSGIGMVSHSDFTNEFNIYFFGNGDIPVDTYLISIYATEIELDNKQGFVGNKAVVQAAVTIAAKLN",152,"polypeptide(L)",16.914,
,,,"UniProt","P12061",,,,,
"3UJ3","1","X","UniProt","P03015","MLIGYVRVATNDQNTDLQRNALVCAGCEQIFEDKLSGTRTDRPGLKRALKRLQKGDTLVVWKLDRLGRSMKHLISLVGELRERGINFRSLTDSIDTSSPMGRFFFHVMGALAEVERELIIERTMAGLAAARNKGRIGGRPPKLTKAEWEQAGRLLAQGIPRKQVALIYDVALSTLYKKHPAKRAHIENDDRIN",193,"polypeptide(L)",21.756,
"3UKI","1","A, B, C, D","UniProt","Q20K61","TGRLNIAVLPTIAPYLLPRVFPIWKKELAGLEIHVSEMQTSRCLASLLSGEIDMAIIASKAETEGLEDDLLYYEEFLGYVSRCEPLFEQDVIRTTEVNPHRLWLLDEGHCFRDQLVRFCQMKGLHERQTAYSGGSMEAFMRLVESGQGITFIPQLTVEQLSPSQKELVRPFGMPRPVREVRLAVRQDYSRRKLREQLIGLLRSAVPSDMHKLQTGQHLAHHHH",223,"polypeptide(L)",25.622,
"3UQ7","1","A, B, C, D, E, F, G, H, I, J","UniProt","E0SJQ4","GSAPADNAADARPVDVSVSIFINKIYGVNTLEQTYKVDGYIVAQWTGKPRKTPGDKPLIVENTQIERWINNGLWVPALEFINVVGSPDTGNKRLMLFPDGRVIYNARFLGSFSNDMDFRLFPFDRQQFVLELEPFSYNNQQLRFSDIQVYTENIDNEEIDEWWIRGKASTHISDIRYDHLSSVQPNQNEFSRITVRIDAVRNPSYYLWSFILPLGLIIAASWSVFWLESFSERLQTSFTLMSTVVAYALYTSNILPRLPYTTVIDQMIIAGYGSIFAAILLIIFAHHRQANGVEDDLLIQRCRLAFPLGFLAIGCVLVIRGITL",324,"polypeptide(L)",36.963,
"3URO","1","R","UniProt","P15151","VVVQAPTQVPGFLGDSVTLPCYLQVPNMEVTHVSQLTWARHGESGSMAVFHQTQGPSYSESKRLEFVAARLGAELRDASLRMFGLRVEDEGSYTCLFVTFPQGSRSVDIWLRVLAKPQNTAEVQKVQLTGEPVPMARCVSTGGRPPAQITWHSDLGGMPQTSQVPGFLSGTVTVTSLWILVPSSQVDGKQVTCKVEHESFEKPQLLTVSLTVYYPHHHHHH",221,"polypeptide(L)",24.356,
"3USV","1","A, C","UniProt","P00784","MHHHHHHSSGLVPRGSGMKETAAAKFERQHMDSPDLGTDDDDKMDFSIVGYSQNDLTSTERLIQLFESWMLKHNKIYKNIDEKIYRFEIFKDNLKYIDETNKKNNSYWLGLNVFADMSNDEFKEKYTGSIAGNYTTTELSYEEVLNDGDVNIPEYVDWRQKGAVTPVKNQGSCGSAWAFSAVSTIESIIKIRTGNLNEYSEQELLDCDRRSYGCNGGYPWSALQLVAQYGIHYRNTYPYEGVQRYCRSREKGPYAAKTDGVRQVQPYNEGALLYSIANQPVSVVLEAAGKDFQLYRGGIFVGPCGNKVDHAVAAVGYGPNYILIRNSWGTGWGENGYIRIKRGTGNSYGVCGLYTSSFYPVKN",363,"polypeptide(L)",41.068,
"3UU2","1","A, B, C","UniProt","P0A264","AEIYNKDGNKLDLFGKVDGLHYFSDDKGSDGDQTYMRIGFKGETQVNDQLTGYGQWEYQIQGNQTEGSNDSWTRVAFAGLKFADAGSFDYGRNYGVTYDVTSWTDVLPEFGGDTYGADNFMQQRGNGYATYRNTDFFGLVDGLDFALQYQGKNGSVSGENTNGRSLLNQNGDGYGGSLTYAIGEGFSVGGAITTSKRTADQNNTANARLYGNGDRATVYTGGLKYDANNIYLAAQYSQTYNATRFGTSNGSNPSTSYGFANKAQNFEVVAQYQFDFGLRPSVAYLQSKGKDISNGYGASYGDQDIVKYVDVGATYYFNKNMSTYVDYKINLLDKNDFTRDAGINTDDIVALGLVYQF",357,"polypeptide(L)",39.207,
"3V4Q","1","A","UniProt","P02545","LAAKEAKLRDLEDSLARERDTSWRLLAEKEREMAEMRARMQQQLDEYQELLDIKLALDMEIHAYRKLLEGEEER",74,"polypeptide(L)",8.934,
"3V4W","1","A","UniProt","P02545","LAAKEAKLRDLEDSLARERDTSRRLLAEKEREMAKMRARMQQQLDEYQELLDIKLALDMEIHAYRKLLEGEEER",74,"polypeptide(L)",8.905,
"3V53","1","A, B, C, D, E","UniProt","P49756","MGHHHHHHMKRKHIKSLIEKIPTAKPELFAYPLDWSIVDSILMERRIRPWINKKIIEYIGEEEATLVDFVCSKVMAHSSPQSILDDVAMVLDEEAEVFIVKMWRLLIYETEAKKIGLVK",119,"polypeptide(L)",13.997,
"3V5B","1","A","UniProt","P02545","LAAKEAKLRDLEDSLARERDTSRRLLAEKEREMAEMRARMQQQLDEYQELLDIKLALDMEIHAYRKLLEGEEER",74,"polypeptide(L)",8.905,
"3V86","1","A",,,"YVYQLKDEVGELKGEVRALKDEVKDLK",27,"polypeptide(L)",3.172,
"3V9F","1","A, B, C, D","UniProt","Q8A3A5","SAHPYLIQRLGIEQGLSNNYVLSITQDKQGFLWFATEEGLNKFDGTRFITYYKEEQSSSVQSITGNELNEVYTDPVQPVIWIATQRAGLNAYNYETQSFSVYQYNPEDPQSLITNDVTHITSSVQAGKGLWVCTYYRGIEYLDIATGKFTHYNKSTVPALPSEQTWTATEAEDGKLYIGHVEGGLSILSLNDKSVKHFVHDPQNPNSLPGNDVRCIYKDTNGNIWIGTSKGLALFNANTETFTNFHNNPGNIHGALSSYIFSIKQLKDNKLWIATELNGIMILDLQQNQFLLPEQIRFEFIREGDNNYSLSNASARYIFQDSFNNIWIGTWGGGINFISNAPPTFHTWSYSPTQMNESSLSNKVVSSVCDDGQGKLWIGTDGGGINVFENGKRVAIYNKENRELLSNSVLCSLKDSEGNLWFGTYLGNISYYNTRLKKFQIIELEKNELLDVRVFYEDKNKKIWIGTHAGVFVIDLASKKVIHHYDTSNSQLLENFVRSIAQDSEGRFWIGTFGGGVGIYTPDMQLVRKFNQYEGFCSNTINQIYRSSKGQMWLATGEGLVCFPSARNFDYQVFQRKEGLPNTHIRAISEDKNGNIWASTNTGISCYITSKKCFYTYDHSNNIPQGSFISGCVTKDHNGLIYFGSINGLCFFNPDIAINSPQIPPVVITKVRIPGRLTSREKNETAIPISEGEIELTHEQNSFNLTFNVQDYSLANQVEYAYMLKGLENSWYTINEQNSVTFRNIPPGKYEFLVKARLHNQDWSEDTTSLRIHINPPLWLT",781,"polypeptide(L)",88.771,
"3V9G","1","A, B, C, D","UniProt","P30038","MGSSHHHHHHSSGLVPRGSHTGAGLRWKHTSSLKVANEPVLAFTQGSPERDALQKALKDLKGRMEAIPCVVGDEEVWTSDVQYQVSPFNHGHKVAKFCYADKSLLNKAIEAALAARKEWDLKPIADRAQIFLKAADMLSGPRRAEILAKTMVGQGKTVIQAEIDAAAELIDFFRFNAKYAVELEGQQPISVPPSTNSTVYRGLEGFVAAISPFNFTAIGGNLAGAPALMGNVVLWKPSDTAMLASYAVYRILREAGLPPNIIQFVPADGPLFGDTVTSSEHLCGINFTGSVPTFKHLWKQVAQNLDRFHTFPRLAGECGGKNFHFVHRSADVESVVSGTLRSAFEYGGQKCSACSRLYVPHSLWPQIKGRLLEEHSRIKVGDPAEDFGTFFSAVIDAKSFARIKKWLEHARSSPSLTILAGGKCDDSVGYFVEPCIVESKDPQEPIMKEEIFGPVLSVYVYPDDKYKETLQLVDSTTSYGLTGAVFSQDKDVVQEATKVLRNAAGNFYINDKSTGSIVGQQPFGGARASGTNDKPGGPHYILRWTSPQVIKETHKPLGDWSYAYMQ",566,"polypeptide(L)",62.019,
"3V9I","1","A, B, C, D","UniProt","P30038","MGSSHHHHHHSSGLVPRGSHTGAGLRWKHTSSLKVANEPVLAFTQGSPERDALQKALKDLKGRMEAIPCVVGDEEVWTSDVQYQVSPFNHGHKVAKFCYADKSLLNKAIEAALAARKEWDLKPIADRAQIFLKAADMLSGPRRAEILAKTMVGQGKTVIQAEIDAAAELIDFFRFNAKYAVELEGQQPISVPPSTNSTVYRGLEGFVAAISPFNFTAIGGNLAGAPALMGNVVLWKPSDTAMLASYAVYRILREAGLPPNIIQFVPADGPLFGDTVTSSEHLCGINFTGSVPTFKHLWKQVAQNLDRFHTFPRLAGECGGKNFHFVHRSADVESVVSGTLRSAFEYGGQKCSACLRLYVPHSLWPQIKGRLLEEHSRIKVGDPAEDFGTFFSAVIDAKSFARIKKWLEHARSSPSLTILAGGKCDDSVGYFVEPCIVESKDPQEPIMKEEIFGPVLSVYVYPDDKYKETLQLVDSTTSYGLTGAVFSQDKDVVQEATKVLRNAAGNFYINDKSTGSIVGQQPFGGARASGTNDKPGGPHYILRWTSPQVIKETHKPLGDWSYAYMQ",566,"polypeptide(L)",62.045,
"3VDX","1","A, B, C","UniProt","P29715","MPFITVGQENSTSIDLYYEDHGTGVPVVLIHGFPLSGHSWERQSAALLDAGYRVITYDRRGFGQSSQPTTGYDYDTFAADLNTVLETLDLQDAVLVGFSMGTGEVARYVSSYGTARIAAVAFLASLEPFLLKTDDNPDGAAPQEFFDGIVAAVKADRYAFYTGFFNDFYNLDENLGTRISEEAVRNSWNTAASGGFFAAAAAPTTWYTDFRADIPRIDVPALILHGTGDRTLPIENTARVFHKALPSAEYVEVEGAPHGLLWTHAEEVNTALLAFLAKALEAQKQKLLTEVETYVLSIIPSGPLKAEIAQRLEDVFAGKNTDLEVLMEWLKTRPILSPLTKGILGFVFTLTVPSERGLQRRRFVQNALNGNGDPNNMDKAVKLYRKLKREITFHGAKEISLSYSAGALASCMGLIYNRMGAVTTEVAFGLVCATCEQIADSQHRSHRQLEHHHHHH",456,"polypeptide(L)",50.264,
,,,"UniProt","P03485",,,,,
"3VEM","1","A, B, C, D","UniProt","Q9M658","HSAGVTALVPSLLNNGTEQIAVQPVPQIPFPVFNDPFLHELEKLRRESENSKKTFEEKKSILKAELERKMAEVQAEFRRKFHEVEAEHNTRTTKIEKDKNLVIMNKLLANAFLSK",115,"polypeptide(L)",13.26,
"3VGO","1","A, B, C","UniProt","Q13191","GPHMGSAAADRRTVEKTWKLMDKVVRLCQNPKLQLKNSPPYILDILPDTYQHLRLILSKYDDNQKLAQLSENEYFKIYIDSLMKKSKRAIRLFKEGKERMYEEQSQDRRNLTKLSLIFSHMLAEIKAIFPNGQFQGDNFRITKADAAEFWRKFFGDKTIVPWKVFRQCLHEVHQISSGLEAMALKSTIDLTCNDYISVFEFDIFTRLFQPWGSILRNWNFLAVTHPGYMAFLTYDEVKARLQKYSTKPGSYIFRLSCTRLGQWAIGYVTGDGNILQTIPHNKPLFQALIDGSREGFYLYPDGRSYNPDLTGLCEPTPHDHIKVTQEQYELYCEMGSTFQLCKICAENDKDVKIEPCGHLMCTSCLTAWQESDGQGCPFCRCEIKGTEPIIVDPF",394,"polypeptide(L)",45.638,
"3VJJ","1","A, B","UniProt","Q913E4","MSYYHHHHHHLGSTSLYKKAGMADQERRTFGSYKIEELTIKNDQPNRNTNSSTSQSTENRLSTKKIPLLDDGIFELLNYLIDGTNFDKTCYCGFNYSHLPNLERDFNVASIYVRENFELCTENLDLKDYDRQANISVKSPDFTLLLEYTLKPSSETDPTIPENEKEENSKPVTPKVVTPKEEKKTVEMSLLPILNRESEESLSSEILEGEAAVVNVFKMYIKGFLMYLGENPNSYDRQLNIEKYRPLLISIIGYEHLIGTRVPNKEVNHIFYQLATFDNYPFDLLRFQLSSLISTPALIREKIAKEGLFKIITSNTLRGASRQTVLFRGINGSESFLNIKRYRKFKTRIVGNVDCVIKSDFSSLKLDV",368,"polypeptide(L)",42.444,
"3VMS","1","A, B","UniProt","Q99T05","MGSSHHHHHHSSGLVPRGSHMQPVGKPPKKKKSKRILLKILLTILIIIALFIGIMYFLSTRDNVDELRKIENKSSFVSADNMPEYVKGAFISMEDERFYNHHGFDLKGTTRALFSTISDRDVQGGSTITQQVVKNYFYDNDRSFTRKVKELFVAHRVEKQYNKNEILSFYLNNIYFGDNQYTLEGAANHYFGTTVNKNSTTMSHITVLQSAILASKVNAPSVYNINNMSENFTQRVSTNLEKMKQQNYINETQYQQAMSQLNR",263,"polypeptide(L)",30.314,
"3VOD","1","A, B","UniProt","P27245","MKSTSDLFNEIIPLGRLIHMVNQKKDRLLNEYLSPLDITAAQFKVLCSIRCAACITPVELKKVLSVDLGALTRMLDRLVSKGWVERLPNPNDKRGVLVKLTTGGAAICEQCHQLVGQDLHQELTKNLTADEVATLEYLLKKVLP",144,"polypeptide(L)",16.071,
"3VOE","1","A, B","UniProt","P27245","MKSTSDLFNEIIPLGRLIHMVNQKKDRLLNEYLSPLDITAAQFKVLCSIRCAACITPVELKKVLSVDLGALTRMLDRLVCKGWVERLPNPNDKRGVLVKLTTGGAAICEQCHQLVGQDLHQELTKNLTADEVATLEYLLKKVLP",144,"polypeptide(L)",16.087,
"3VOX","1","A, B, C, D","UniProt","Q9CHR1","MPKSTYFSLSDEKRNRVYDACLNEFQTHSFHEAKIMHIVKALDIPRGSFYQYFEDLKDAYFYVLSQETLEIHDLFFNLLKDNSIEESLDKYKYLLLENLIDSPQYKLYKYRFLDWTYELERDWKPQSSATVPASENDNPISQVLKSVVHNLVYRLFSENWTEKTFIENYDKEIKLVTEGLLNYITDRKN",189,"polypeptide(L)",22.777,
"3VQK","1","A, B, C, D, E, F","UniProt","Q970D9","MYYLGKELQKRSEELSRGFYELVYPPVDMYEEGGYLVVVADLAGFNKEKIKARVSGQNELIIEAEREITEPGVKYLTQRPKYVRKVIRLPYNVAKDAEISGKYENGVLTIRIPIAGTSVIKIE",123,"polypeptide(L)",14.064,
"3VUO","1","A","UniProt","Q9LBR2","MDINDDLNINSPVDNKNVVIVRARKTNTFFKAFKVAPNIWVAPERYYGEPLDIAEEYKLDGGIYDSNFLSQDSERENFLQAIITLLKRINNTISGKQLLSLISTAIPFPYGYVGGGYSSPNIFTFGKTPKSNKKLNSLVTSTIPFPFGGYRETNYIESQNNKNFYASNIVIFGPGSNIVENNVICYKKNDAENGMGTMAEILFQPLLTYKYNKFYIDPAMELTKCLIKSLYFLYGIKPSDDLVVPYRLRTELDNKQFSQLNIIDLLISGGVDLEFINTNPYWFTNSYFSNSIKMFEKYKNIYETEIEGNNAIGNDIKLRLKQKFQNSVQDIWNLNLNYFSKEFNSIIPDRFSNALKHFYRKQYYTMDYGDNYNINGFVNGQINTKLPLSDKNTNIISKPEKVVNLVNANNISLMKSNIYGDGLKGTTEDFYSTYKIPYNEEYEYRFNDSDNFPLNNISIEEVDSIPEIIDINPYKDNSDDLLFTQITSTTEEVITHTALPVNYLQAQIITNENFTLSSDFSKVVSSKDKSLVYSFLDNLMSYLETIKNDGPIDTDKKYYLWLKEVFKNYSFDINLTQEIDSSCGINEVVIWFGKALNILNTSNSFVEEYQNSGPISLISKKDNLSEPNIEIDDIPDSLLGLSFKDLNNKLYEIYSKNRVYFRKIYFNFLDQWWTEYYSQYFELICMAKQSILAQESVVKQIIQNKFTDLSKASIPPDTLKLIKETTEKTFIDLSNESQISMNRVDNFLNKASICVFVEDIYPKFISYMEKYINNINIKTREFIQRCTNINDNEKSILINSYTFKTIDFKFLNIQAIKNFFNSQVEQVMKEMLSPYQLLLFATRGPNSNIIEDISGKNTLIQYTESVELVYGVNGESLYLKSPNETVEFSNNFFTNGLTNNFTICFWLRFTGKDDDKTRLIGNKVNNCGWEIYFEDNGLVFEIIDSNGNQESVYLSNVINNNWYYISISVDRLKDQLLIFINDKNVANVSIEQILNIYSTNVISLVNKNNSIYVEELSVLDKPVASEEVIRNYFSYLDNSYIRDSSKSLLEYNKNYQLYNYVFPETSLYEVNDNNKSYLSLKNTDGINIPSVKFKLINIDESKGYVQKWDECIICVSDGTEKYLDISPENNRIQLVSSKDNAKKITVNTDLFRPDCITFSYNDKYFSLSLRDGDYNWMICNDNNKVPKGAHLWILKS",1196,"polypeptide(L)",138.576,
"3VUT","1","A, B","UniProt","P45985","MSIESSGKLKISPEQHWDFTAEDLKDLGEIGRGAYGSVNKMVHKPSGQIMAVKRIRSTVDEKEQKQLLMDLDVVMRSSDCPYIVQFYGALFREGDCWICMELMSTSFDKFYKYVYSVLDDVIPEEILGKITLATVKALNHLKENLKIIHRDIKPSNILLDRSGNIKLCDFGISGQLVDSIAKTRDAGCRPYMAPERIDPSASRQGYDVRSDVWSLGITLYELATGRFPYPKWNSVFDQLTQVVKGDPPQLSNSEEREFSPSFINFVNLCLTKDESKRPKYKELLKHPFILMYEERAVEVACYVCKILDQMPATPSSPMYVDHHHHHH",327,"polypeptide(L)",37.471,
"3VWU","1","A, B, C, D, E, F, G, H, I, J","UniProt","O08807","MGSSHHHHHHSSGLVPRGSHMLESDERFRTRENEAHFYAGGQVYPGEASRVSVADHSLHLSKAKISKPAPYWEGTAVINGEFKELKLTDYRGKYLVFFFYPLDFTFVCPTEIIAFGDRIEEFKSINTEVVACSVDSQFTHLAWINTPRRQGGLGPIRIPLLSDLNHQISKDYGVYLEDSGHTLRGLFIIDDKGVLRQITLNDLPVGRSVDETLRLVQAFQYTDKHGEVCPAGWKPGSETIIPDPAGKLKYFDKLN",255,"polypeptide(L)",28.78,
"3VZR","1","A, B","UniProt","P14697","MRGSHHHHHHGSTQRIAYVTGGMGGIGTAICQRLAKDGFRVVAGCGPNSPRREKWLEQQKALGFDFIASEGNVADWDSTKTAFDKVKSEVGEVDVLINNAGITRDVVFRKMTRADWDAVIDTNLTSLFNVTKQVIDGMADRGWGRIVNISSVNGQKGQFGQTNYSTAKAGLHGFTMALAQEVASKGVTVNTVSPGYIATDMVKAIRQDVLDKIVATIPVKRLGLPEEIASICAWLSSEESGFSTGADFSLNGGLHMG",257,"polypeptide(L)",27.658,
"3W1H","1","A, B, C, D, E","UniProt","O67140","MKSLLRQIPQISKVVEIFAKAYPEIYVVKAAREVAEKYRKEIIEGARADLNGFLEDVERKIKSLMKPNIKRVINATGVVINTNLGRAPLSKDVINFISEIANGYSNLEYNLEEGKRGSRIAHIEKYLNELTGAESSFVVNNNAGAVFLVLNTLAEGKEVIISRGELVEIGGSFRIPDIMKKSGAILREVGTTNKTKVSDYEGAINQNTALLMKVHKSNFYMEGFVEEVKLEDLVKLGHKYGIPTYYDAGSGLLINLKEFGISVDEPNFRDCISLGIDLVSGSGDKLLGGPQAGIIVGKKNLIEKIKKNPIARALRIDKLTLSGLEMTLKLYFEKRYEDIPVIRMLTQDEKALRQKAKRLEKLLKDIPGLKISVIKDKAKPGGGSLPELELPTYCVAIRHDRLSSQELSRRLRLAEPPIVCRIREDQLLFDMRTVFHEDLKTIKKTLQELLSI",452,"polypeptide(L)",50.925,
"3W30","1","A, B","UniProt","Q8VSD5","GPLGSPEFMINGVSLQGTAGYEAHTEEGNVNVKKLLESLNSKSLGDMDKDSELAATLQKMINPSGGDGNASGCALHACMAMLGYGVREAPVPNEISEYMTGFFHRHLEQIDSEGIVSHPNETYSKFRERIAENILQNTSKGSVVMISIEQATHWIAGFNDGEKIMFLDVQTGKGFNLYDPVEKSPDAFVDENSSVQVIHVSDQEFDHYANSSSWKSKRLC",220,"polypeptide(L)",24.119,
"3W3T","1","A","UniProt","P32337","MSALPEEVNRTLLQIVQAFASPDNQIRSVAEKALSEEWITENNIEYLLTFLAEQAAFSQDTTVAALSAVLFRKLALKAPITHIRKEVLAQIRSSLLKGFLSERADSIRHKLSDAIAECVQDDLPAWPELLQALIESLKSGNPNFRESSFRILTTVPYLITAVDINSILPIFQSGFTDASDNVKIAAVTAFVGYFKQLPKSEWSKLGILLPSLLNSLPRFLDDGKDDALASVFESLIELVELAPKLFKDMFDQIIQFTDMVIKNKDLEPPARTTALELLTVFSENAPQMCKSNQNYGQTLVMVTLIMMTEVSIDDDDAAEWIESDDTDDEEEVTYDHARQALDRVALKLGGEYLAAPLFQYLQQMITSTEWRERFAAMMALSSAAEGCADVLIGEIPKILDMVIPLINDPHPRVQYGCCNVLGQISTDFSPFIQRTAHDRILPALISKLTSECTSRVQTHAAAALVNFSEFASKDILEPYLDSLLTNLLVLLQSNKLYVQEQALTTIAFIAEAAKNKFIKYYDTLMPLLLNVLKVNNKDNSVLKGKCMECATLIGFAVGKEKFHEHSQELISILVALQNSDIDEDDALRSYLEQSWSRICRILGDDFVPLLPIVIPPLLITAKATQDVGLIEEEEAANFQQYPDWDVVQVQGKHIAIHTSVLDDKVSAMELLQSYATLLRGQFAVYVKEVMEEIALPSLDFYLHDGVRAAGATLIPILLSCLLAATGTQNEELVLLWHKASSKLIGGLMSEPMPEITQVYHNSLVNGIKVMGDNCLSEDQLAAFTKGVSANLTDTYERMQDRHGDGDEYNENIDEEEDFTDEDLLDEINKSIAAVLKTTNGHYLKNLENIWPMINTFLLDNEPILVIFALVVIGDLIQYGGEQTASMKNAFIPKVTECLISPDARIRQAASYIIGVCAQYAPSTYADVCIPTLDTLVQIVDFPGSKLEENRSSTENASAAIAKILYAYNSNIPNVDTYTANWFKTLPTITDKEAASFNYQFLSQLIENNSPIVCAQSNISAVVDSVIQALNERSLTEREGQTVISSVKKLLGFLPSSDAMAIFNRYPADIMEKVHKWFA",1078,"polypeptide(L)",119.912,
"3W3U","1","A","UniProt","P32337","MSALPEEVNRTLLQIVQAFASPDNQIRSVAEKALSEEWITENNIEYLLTFLAEQAAFSQDTTVAALSAVLFRKLALKAPITHIRKEVLAQIRSSLLKGFLSERADSIRHKLSDAIAECVQDDLPAWPELLQALIESLKSGNPNFRESSFRILTTVPYLITAVDINSILPIFQSGFTDASDNVKIAAVTAFVGYFKQLPKSEWSKLGILLPSLLNSLPRFLDDGKDDALASVFESLIELVELAPKLFKDMFDQIIQFTDMVIKNKDLEPPARTTALELLTVFSENAPQMCKSNQNYGQTLVMVTLIMMTEVSIDDDDAAEWIESDDTDDEEEVTYDHAAAALARVALKLGGEYLAAPLFQYLQQMITSTEWRERFAAMMALSSAAAGCADVLIGEIPKILDMVIPLINDPHPRVQYGCCKVLGQISTAFSPFIQRTAHDRILPALISKLTSECTSRVQTHAAAALVAFSEFASKDILEPYLDSLLTNLLVLLQSNKLYVQEQALTTIAFIAEAAKNKFIKYYDTLMPLLLNVLKVNNKDNSVLKGKCMECATLIGFAVGKEKFHEHSQELISILVALQNSDIDEDDALRSYLEQSWSRICRILGDDFVPLLPIVIPPLLITAKATQDVGLIEEEEAANFQQYPDWDVVQVQGKHIAIHTSVLDDKVSAMELLQSYATLLRGQFAVYVKEVMEEIALPSLDFYLHDGVRAAGATLIPILLSCLLAATGTQNEELVLLWHKASSKLIGGLMSEPMPEITQVYHNSLVNGIKVMGDNCLSEDQLAAFTKGVSANLTDTYERMQDRHGDGDEYNENIDEEEDFTDEDLLDEINKSIAAVLKTTNGHYLKNLENIWPMINTFLLDNEPILVIFALVVIGDLIQYGGEQTASMKNAFIPKVTECLISPDARIRQAASYIIGVCAQYAPSTYADVCIPTLDTLVQIVDFPGSKLEENRSSTENASAAIAKILYAYNSNIPNVDTYTANWFKTLPTITDKEAASFNYQFLSQLIENNSPIVCAQSNISAVVDSVIQALNERSLTEREGQTVISSVKKLLGFLPSSDAMAIFNRYPADIMEKVHKWFA",1078,"polypeptide(L)",119.595,
"3W3V","1","A","UniProt","P32337","MSALPEEVNRTLLQIVQAFASPDNQIRSVAEKALSEEWITENNIEYLLTFLAEQAAFSQDTTVAALSAVLFRKLALKAPITHIRKEVLAQIRSSLLKGFLSERADSIRHKLSDAIAECVQDDLPAWPELLQALIESLKSGNPNFRESSFRILTTVPYLITAVDINSILPIFQSGFTDASDNVKIAAVTAFVGYFKQLPKSEWSKLGILLPSLLNSLPRFLDDGKDDALASVFESLIELVELAPKLFKDMFDQIIQFTDMVIKNKDLEPPARTTALELLTVFSENAPQMCKSNQNYGQTLVMVTLIMMTEVSIDDDDAAEWIESDDTDDEEEVTYDHARQALKRVALKLGGEYLAAPLFQYLQQMITSTEWRERFAAMMALSSAAKGCADVLIGEIPKILDMVIPLINDPHPRVQYGCCNVLGQISTKFSPFIQRTAHDRILPALISKLTSECTSRVQTHAAAALVNFSEFASKDILEPYLDSLLTNLLVLLQSNKLYVQEQALTTIAFIAEAAKNKFIKYYDTLMPLLLNVLKVNNKDNSVLKGKCMECATLIGFAVGKEKFHEHSQELISILVALQNSDIDEDDALRSYLEQSWSRICRILGDDFVPLLPIVIPPLLITAKATQDVGLIEEEEAANFQQYPDWDVVQVQGKHIAIHTSVLDDKVSAMELLQSYATLLRGQFAVYVKEVMEEIALPSLDFYLHDGVRAAGATLIPILLSCLLAATGTQNEELVLLWHKASSKLIGGLMSEPMPEITQVYHNSLVNGIKVMGDNCLSEDQLAAFTKGVSANLTDTYERMQDRHGDGDEYNENIDEEEDFTDEDLLDEINKSIAAVLKTTNGHYLKNLENIWPMINTFLLDNEPILVIFALVVIGDLIQYGGEQTASMKNAFIPKVTECLISPDARIRQAASYIIGVCAQYAPSTYADVCIPTLDTLVQIVDFPGSKLEENRSSTENASAAIAKILYAYNSNIPNVDTYTANWFKTLPTITDKEAASFNYQFLSQLIENNSPIVCAQSNISAVVDSVIQALNERSLTEREGQTVISSVKKLLGFLPSSDAMAIFNRYPADIMEKVHKWFA",1078,"polypeptide(L)",119.941,
"3WAO","1","A, B, C, D","UniProt","O75143","GSSSGNTHDDFVMIGSPSEKTFKQRRTFEQRVEDVRLIREQHPTKIPVIIERYKGEKQLPVLDKTKFLVPDHVNMSELIKIIRRRLQLNANQAFFLLVNGHSMVSVSTPISEVYESEKDEDGFLYMVYASQETF",134,"polypeptide(L)",15.556,
,,,"UniProt","Q9GZQ8",,,,,
"3WAP","1","A","UniProt","Q9BXW4","GSSSGNTHDDFVMIGSPSVRPFKQRKSLAIRQEEVAGIRAKFPNKIPVVVERYPRETFLPPLDKTKFLVPQELTMTQFLSIIRSRMVLRATEAFYLLVNNKSLVSMSATMAEIYRDYKDEDGFVYMTYASQETF",134,"polypeptide(L)",15.402,
"3WDO","1","A","UniProt","A0A140NCX4","DYKMTPGERRATWGLGTVFSLRMLGMFMVLPVLTTYGMALQGASEALIGIAIGIYGLTQAVFQIPFGLLSDRIGRKPLIVGGLAVFAAGSVIAALSDSIWGIILGRALQGSGAIAAAVMALLSDLTREQNRTKAMAFIGVSFGITFAIAMVLGPIITHKLGLHALFWMIAILATTGIALTIWVVPNSSTHVLNRESGMVKGSFSKVLAEPRLLKLNFGIMCLHMLLMSTFVALPGQLADAGFPAAEHWKVYLATMLIAFGSVVPFIIYAEVKRKMKQVFVFCVGLIVVAEIVLWNAQTQFWQLVVGVQLFFVAFNLMEALLPSLISKESPAGYKGTAMGVYSTSQFLGVAIGGSLGGWIDGMFDGQGVFLAGAMLAAVWLAVASTMKEPPYVSSLRIEIPADIAANEALKVRLLETEGVKEVLIAEEEHSAYVKIDSKVTNRFEVEQAIRQAL",453,"polypeptide(L)",48.678,
"3WI4","1","A","UniProt","P30690","MDVTLYGTIKAGVETSRSVFHQNGQVTEVTTATGIVDLGSKIGFKGQEDLGNGLKAIWQVEQKASIAGTDSGWGNRQSFIGLKGGFGKLRVGRLNSVLKDTGDINPWDSKSDYLGVNKIAEPEARLISVRYDSPEFAGLSGSVQYALNDNAGRHNSESYHAGFNYKNGGFFVQYGGAYKRHHQVQEGLNIEKYQIHRLVSGYDNDALYASVAVQQQDAKLTDASNSHNSQTEVAATLAYRFGNVTPRVSYAHGFKGLVDDADIGNEYDQVVVGAEYDFSKRTSALVSAGWLQEGKGENKFVATAGGVGLRHKF",313,"polypeptide(L)",33.958,
"3WKL","1","A","UniProt","O67776","GSEVPKYLKEPVVVGYVQRDSIAQKIGIKPGDKIIKINGYEVRTWEDLRDALIRLSLDGVKETTLFLERNGEVLHLTIKVPNVQKGEELGIAPLVKPVVGGVKKGSPADQVGIKPGDLILEVNGKKINTWYELVEEVRKSQGKAIKLKILRNGKMIEKELIPAKDPKTGTYFIGLFPKTE",180,"polypeptide(L)",19.997,
"3WKV","1","A","UniProt","Q3U2S8","MGGSHHHHHHHHGENLYFQGLESTPRQSLDFRSRLRKLFSSHRFQVIIICLVVLDALLVLAELLLDLKIIEPDEQDYAVTAFHYMSFAILVFFMLDLGLRIFAYGPKNFFTNPWEVADGLIVVVSFVLDLVLLFKSHHFEALGLLILLRLWRVARIINGIIISRMKQLEDKIEELLSKIYHLENEIARLKKLIGER",196,"polypeptide(L)",22.882,
"3WT2","1","A, B, C","UniProt","P55059","GPLGSPLIGEIGPETYSDYMSAGIPLAYIFAETAEERKELSDKLKPIAEAQRGVINFGTIDAKAFGAHAGNLNLKTDKFPAFAIQEVAKNQKFPFDQEKEITFEAIKAFVDDFVAGKIEPSIKSEPIPEKQEGPVTVVVAKNYNEIVLDDTKDVLIEFYAPWCGHCKALAPKYEELGALYAKSEFKDRVVIAKVDATANDVPDEIQGFPTIKLYPAGAKGQPVTYSGSRTVEDLIKFIAENGKYKAA",247,"polypeptide(L)",27.014,
"3WUQ","1","A","UniProt","Q9JHU4","KETVDQVEELRRDLRIKSQELEVKNAAANDKLKKMVKDQQEAEKKKVMSQEIQEQLHKQQEVIADKQMSVKEDLDKVEPAVIEAQNAVKSIKKQHLVEVRSMANPPAAVKLALESICLLLGESTTDWKQIRSIIMRENFIPTIVNFSAEEISDAIREKMKKNYMSNPSYNYEIVNRASLACGPMVKWAIAQLNYADMLKRVEPLRNELQKLEDDAKDNQQKANEVEQMIRDLEASIARYKEEYAVLISEAQAIKADLAAVEAKVNRSTALLKSLSAEHHHHHH",283,"polypeptide(L)",32.428,
"3WVF","1","A, B","UniProt","Q1R4M9","MDSQRNLLVIALLFVSFMIWQAWEQDKNPQPQAQQTTQTTTTAAGSAADQGVPASGQGKLISVKTDVLDLTINTRGGDVEQALLPAYPKELNSTQPFQLLETSPQFIYQAQSGLTGRDGPDNPANGPRPLYNVEKDAYVLAEGQNELQVPMTYTDAAGNTFTKTFVLKRGDYAVNVNYNVQNAGEKPLEISTFGQLKQSITLPPHLDTGSSNFALHTFRGAAYSTPDEKYEKYKFDTIADNENLNISSKGGWVAMLQQYFATAWIPHNDGTNNFYTANLGNGIAAIGYKSQPVLVQPGQTGAMNSTLWVGPEIQDKMAAVAPHLDLTVDYGWLWFISQPLFKLLKWIHSFVGNWGFSIIIITFIVRGIMYPLTKAQYTSMAKMRMLQPKIQAMRERLGDDKQRISQEMMALYKAEKVNPLGGCFPLLIQMPIFLALYYMLMGSVELRQAPFALWIHDLSAQDPYYILPILMGVTMFFIQKMSPTTVTDPMQQKIMTFMPVIFTVFFLWFPSGLVLYYIVSNLVTIIQQQLIYRGLEKRGLLESSGENLYFQ",551,"polypeptide(L)",61.873,
"3WX0","1","A, B, C, D","UniProt","A0A140N893","MNHKVHHHHHHIEGRHMKLAVYSTKQYDKKYLQQVNESFGFELEFFDFLLTEKTAKTANGCEAVCIFVNDDGSRPVLEELKKHGVKYIALRCAGFNNVDLDAAKELGLKVVRVPAYDPEAVAEHAIGMMMTLNRRIHRAYQRTRDANFSLEGLTGFTMYGKTAGVIGTGKIGVAMLRILKGFGMRLLAFDPYPSAAALELGVEYVDLPTLFSESDVISLHCPLTPENYHLLNEAAFDQMKNGVMIVNTSRGALIDSQAAIEALKNQKIGSLGMDVYENERDLFFEDKSNDVIQDDVFRRLSACHNVLFTGHQAFLTAEALTSISQTTLQNLSNLEKGETCPNELV",345,"polypeptide(L)",38.596,
"3WZ5","1","A, B, C, D","UniProt","O54626","GSHMQSDSAVLQWANQAAIAAFTYNFVNYRDELQASSGFFTAEGWDQFLGALEQSNNLDAVKAKKLVVSAVATRAPIILQKGVLNGRYSWRVQMPILVTYQSASEFTQQNNVVTMLITRVSTLNSPRGIGISQFVVGPASGGVS",144,"polypeptide(L)",15.725,
"3WZT","1","A, B, C, D, E, F","UniProt","G0SB58","GSNVNKIYIENHDLMSKVPVIEASKESTRDDWAALTVVADLDDIEGQELVYYALRFRKSNDGVRLDIVHNPKDTSRSPSVLAQRLKSREDKLLDFTRFLDLETALETGEFEPDVAYDASLANFLASSNMKAGDNFVILNGRVLGPITSADDFKKEDFEVFLQA",163,"polypeptide(L)",18.39,
"3X2R","1","A, B, C, D, E, F, G, H, I","UniProt","A0A0F6C2F5","MQRLFLLVAVMLLSGCLTAPPKEAARPTLMPRAQSYKDLTHLPAPTGKIFVSVYNIQDETGQFKPYPASNFSTAVPQSATAMLVTALKDSRWFIPLERQGLQNLLNERKIIRAAQENGTVAINNRIPLQSLTAANIMVEGSIIGYESNVKSGGVGARYFGIGADTQYQLDQIAVNLRVVNVSTGEILSSVNTSKTILSYEVQAGVFRFIDYQRLLEGEVGYTSNEPVMLCLMSAIETGVIFLINDGIDRGLWDLQNKAERQNDILVKYRHMSVPPES",277,"polypeptide(L)",30.584,
"3X3H","1","A, B, C, D, E, F, G, H","UniProt","P52705","MVTAHFVLIHTICHGAWIWHKLKPALERAGHKVTALDMAASGIDPRQIEQINSFDEYSEPLLTFLEKLPQGEKVIIVGESCAGLNIAIAADRYVDKIAAGVFHNSLLPDTVHSPSYTVEKLLESFPDWRDTEYFTFTNITGETITTMKLGFVLLRENLFTKCTDGEYELAKMVMRPGSLFQNVLAQRPKFTEKGYGSIPKVYIWTDQDKIFLPDFQRWQIANYPPDKVYQVQGGDHKLQLTKTEEVAHILQEVADAYA",258,"polypeptide(L)",29.312,
"3ZCO","1","A","UniProt","P06701","GPSEAINGFKDETISKKIIGMSLLMRTFLYTLAQETEGTNRHTLALETVLIKMVKMLRDNPGYKASKEIKKVICGAWEPAITIEKLKQFSWISVVNDLVGEKLVVVVLEEPSASIMVELKLPLEINYAFSMDEEFKNMDCI",141,"polypeptide(L)",15.917,
"3ZE4","1","A, B, C","UniProt","P0ABN1","GHHHHHHELANNTTGFTRIIKAAGYSWKGLRAAWINEAAFRQEGVAVLLAVVIACWLDVDAITRVLLISSVMLVMIVEILNSAIEAVVDRIGSEYHELSGRAKDMGSAAVLIAIIVAVITWCILLWSHFG",130,"polypeptide(L)",14.253,
"3ZE5","1","A, B, C","UniProt","P0ABN1","GHHHHHHELANNTTGFTRIIKAAGYSWKGLRAAWINEAAFRQEGVAVLLAVVIACWLDVDACTRVLLISSVMLVMIVELLNSAIEAVVDRIGSEYHELSGRAKDLGSAAVLIAIIDAVITWCILLWSHFG",130,"polypeptide(L)",14.241,
"3ZKV","1","A","UniProt","Q9VEC5","MEPIDIARLEEAVVSFYRSNSQNQAITHEWLTDAEASPQAWQFSWQLMQLGKSQEVQFFGAITLHSKLMKHWHEVPPENREELKQKILESIVRFAGGPKIVLNRLCISLGAYIVHMLGEWPGAIEEVINTFQNQRMPNVSADVQLWIMLEVLTAIPEEAQVIHTSVKRVVLRAEIAKRVQLVIHTVERYLKLQMNRVWDAEAYSNMNRAVKCVGTWIKNIGYTIEGCVTITAVLLEVVHKCYWPCIHAGDGCMTADENELAESCLKTMVNIIIQPDCHNYPKTAFVLIKMFLDSLSEITKTEWKRENDNEDIIVHIYMLFVSSVERHSTLLLSGITSADPELSILVHRIVQEILHCTDKPGIYPVEESCSTMALAFWYMLQDEVFAMSNDEQKHKCWEYIKPLYAHLTRILVRKSEQPDEKSLAKWSSDDLECFRCYRQDISDTFMYCYDVLNDYILEILAAMLDEAIADLQRHPTHWTKLEACIYSFQSVAEHFGGEEKRQIPRLMRVLAEIPYEKLNVKLLGTALETMGSYCNWLMENPAYIPPAINLLVRGLNSSMSAQATLGLKELCRDCQLQLKPYADPLLNACHASLNTGRMKNSDSVRLMFSIGKLMSLLRPEEIPKYLDIIVSPCFEELQAICQADSKTPAARIRTIFRLNMISTLFSSLNTDVDEQATDQPIVQPVLLVMQRTMPIFKRIAEMWVEEIDVLEAACSAMKHAITNLRSSFQPMLQDLCLFIVASFQTRCCAPTLEISKTAIVMFFKDEGCKPLMQQLLREFIQHSFKLFESTPEQNFSNISDTMETFFGCLTQIIKKIPQVLEDKTLAYDRLVFYAQRGMTLPESGAIRNSIQFLTHFVMQSRNHAHVTEVVLATGEQTLYTAMMCVGYLTPRSQVDKFADILLAMNRKYAAEMAVWMKSLMSTPNFPTQLITDADKTRYTALIIKEKVNKRLLQQHLSEMAMKTRGLTEKFQ",971,"polypeptide(L)",111.436,
"3ZLH","1","A, B, C, D","UniProt","Q5XD01","MGSSHHHHHHSSGLVPRGSHMSIITDVYAREVLDSRGNPTLEVEVYTESGAFGRGMVPSGASTGEHEAVELRDGDKSRYLGLGTQKAVDNVNNIIAKAIIGYDVRDQQAIDRAMIALDGTPNKGKLGANAILGVSIAVARAAADYLEVPLYTYLGGFNTKVLPTPMMNIINGGSHSDAPIAFQEFMIMPVGAPTFKEGLRWGAEVFHALKKILKERGLVTAVGDEGGFAPKFEGTEDGVETILKAIEAAGYEAGENGIMIGFDCASSEFYDKERKVYDYTKFEGEGAAVRTSAEQVDYLEELVNKYPIITIEDGMDENDWDGWKVLTERLGKRVQLVGDDFFVTNTEYLARGIKENAANSILIKVNQIGTLTETFEAIEMAKEAGYTAVVSHRSGETEDSTIADIAVATNAGQIKTGSLSRTDRIAKYNQLLRIEDQLGEVAQYKGIKSFYNLKK",455,"polypeptide(L)",49.577,
"3ZLP","1","A, B, C, D, E, F, G, H, I, J, K, L, M, N, O, P, Q, R, S, T, U, V, W, X, Y, Z, a, b, c, d, e, f, g, h, i, j, k, l, m, n","UniProt","O97161","TMVLLPNRPAPEFKGQAVINGEFKEICLKDYRGKYVVLFFYPADFTFVPPTEIIAFSDQVEEFNSRNCQVIACSTDSQYSHLAWDNLDRKSGGLGHMKIPLLADRKQEISKAYGVFDEEDGNAFRGLFIIDPNGILRQITINDKPVGRSVDETLRLLDAFQFVEKHGEVCPVNWKRGQHGIKVNQK",186,"polypeptide(L)",21.165,
"3ZO6","1","A, B, C, D, E, F, H, I, J, K, L, M","UniProt","P22483","MAFLGAAIAAGLAAVGGAIGVAIIVKATIEGTTRQPELRGTLQTLMFIGVPLAEAVPIIAIVISLLILF",69,"polypeptide(L)",6.959,
"3ZOR","1","A","UniProt","P39615","MKQLLQDSWWNQLKEEFEKPYYQELREMLKREYAEQTIYPDSRDIFNALHYTSYDDVKVVILGQDPYHGPGQAQGLSFSVKPGVKQPPSLKNIFLELQQDIGCSIPNHGSLVSWAKQGVLLLNTVLTVRRGQANSHKGKGWERLTDRIIDVLSERERPVIFILWGRHAQMKKERIDTSKHFIIESTHPSPFSARNGFFGSRPFSRANAYLEKMGEAPIDWCIKDL",225,"polypeptide(L)",26.084,
"3ZQ3","1","A, B, C, D","UniProt","Q63213","MRGSHHHHHHTDPEEASFERGNLDVDKLNGDWFSIVVASDKREKIEENGSMRVFVQHIDVLENSLGFTFRIKENGVCTEFSLVADKTAKDGEYFVEYDGENTFTILKTDYDNYVMFHLVNVNNGETFQLMELYGRTKDLSSDIKEKFAKLCVAHGITRDNIIDLTKTDRCLQA",173,"polypeptide(L)",19.939,
"3ZQP","1","A, B, C, D, E, F, G, H, I","UniProt","P68928","MGSSHHHHHHSSGLVPRGSMKEPKLSPKQERFIEEYFINDMNATKAAIAAGYSKNSASAIGAENLQKPAIRARIDARLKEINEKKILQANEVLEHLTRIALGQEKEQVLMGIGKGAETKTHVEVSAKDRIKALELLGKAHAVFTDKQKVETNQVIIVDDSGDAE",164,"polypeptide(L)",18.07,
"3ZQQ","1","A, B, C","UniProt","P68928","MGSSHHHHHHSSGLVPRGSMKEPKLSPKQERFIEEYFINDMNATKAAIAAGYSKNSASAIGAENLQKPAIRARIDARLKEINEKKILQANEVLEHLTRIALGQEKEQVLMGIGKGAETKTHVEVSAKDRIKALELLGKAHAVFTDKQKVETNQVIIVDDSGDAE",164,"polypeptide(L)",18.07,
"3ZRT","1","A, B, C, D","UniProt","P78352","MHHHHHPRGSMEYEEITLERGNSGLGFSIAGGTDNPHIGDDPSIFITKIIPGGAAAQDGRLRVNDSILFVNEVDVREVTHSAAVEALKEAGSIVRLYVMRRKPPAEKVMEIKLIKGPKGLGFSIAGGVGNQHIPGDNSIYVTKIIEGGAAHKDGRLQIGDKILAVNSVGLEDVMHEDAVAALKNTYDVVYLKVAKPSNA",199,"polypeptide(L)",21.347,
"3ZTL","1","A, B, C, D, E, F, G, H, I, J","UniProt","O97161","MRGSHHHHHHGMASMTGGQQMGRDLYDDDDKDRWGSTMVLLPNRPAPEFKGQAVINGEFKEICLKDYRGKYVVLFFYPADFTFVCPTEIIAFSDQVEEFNSRNCQVIACSTDSQYSHLAWDNLDRKSGGLGHMKIPLLADRKQEISKAYGVFDEEDGNAFRGLFIIDPNGILRQITINDKPVGRSVDETLRLLDAFQFVEKHGEVCPVNWKRGQHGIKVNQK",222,"polypeptide(L)",25.311,
"3ZV2","1","A","UniProt","P18031","MEMEKEFEQIDKSGSWAAIYQDIRHEASDFPCRVAKLPKNKNRNRYRDVSPFDHSRIKLHQEDNDYINASLIKMEEAQRSYILTQGPLPNTCGHFWEMVWEQKSRGVVMLNRVMEKGSLKCAQYWPQKEEKEMIFEDTNLKLTLISEDIKSYYTVRQLELENLTTQETREILHFHYTTWPDFGVPESPASFLNFLFKVRESGSLSPEHGPVVVHAAAGIGRSGTFCLADTCLLLMDKRKDPSSVDIKKVLLEMRKFRMGLIQTADQLRFSYLAVIEGAKFIMGDSSVQDQWKELSHEDLEPPPEHIPPPPRPPKRILEPH",320,"polypeptide(L)",37.203,
"3ZWG","1","A, B, C, D, E, F, G, H, I, J, K, L, M, N, O","UniProt","B9W5G6","SADVAGAVIDGAGLGFDVLKTVLEALGNVKRKIAVGIDNESGKTWTAMNTYFRSGTSDIVLPHKVAHGKALLYNGQKNRGPVATGVVGVIAYSMSDGNTLAVLFSVPYDYNWYSNWWNVRVYKGQKRADQRMYEELYYHRSPFRGDNGWHSRGLGYGLKSRGFMNSSGHAILEIHVTKA",179,"polypeptide(L)",19.746,
"3ZXA","1","C","UniProt","P06663","MENDPRVRKFASDGAQWAIKWQKKGWSTLTSRQKQTARAAMGIKLSPVAQPVQKVTRLSAPVALAYREVSTQPRVSTARDGITRSGSELITTLKKNTDTEPKYTTAVLNPSEPGTFNQLIKEAAQYEKYRFTSLRFRYSPMSPSTTGGKVALAFDRDAAKPPPNDLASLYNIEGCVSSVPWTGFILTVPTDSTDRFVADGISDPKLVDFGKLIMATYGQGAAQLGEVRVEYTVQLKNRTGSTSAQIGDFAGVKDGPRLVSWSKTKGTAGWEHDCHFLGTGNFSLTLFYEKAPVSGLENADASDFSVLGEAAAGSVQWAGVKVAERGQGVKMVTTEEQPKGKWQALRI",347,"polypeptide(L)",37.756,
"3ZY1","1","A","UniProt","Q9H3D4","GSDELLYLPVRGRETYEMLLKIKESLELMQYLPQHTIETYRQQQQQ",46,"polypeptide(L)",5.604,
"3ZZG","1","A, B, C, D","UniProt","Q01217","MGHHHHHHVSSTNGFSATRSTVIQLLNNISTKREVEQYLKYFTSVSQQQFAVIKVGGAIISDNLHELASCLAFLYHVGLYPIVLHGTGPQVNGRLEAQGIEPDYIDGIRITDEHTMAVVRKCFLEQNLKLVTALEQLGVRARPITSGVFTADYLDKDKYKLVGNIKSVTKEPIEASIKAGALPILTSLAETASGQMLNVNADVAAGELARVFEPLKIVYLNEKGGIINGSTGEKISMINLDEEYDDLMKQSWVKYGTKLKIREIKELLDYLPRSSSVAIINVQDLQKELFTDSGAGTMIRRGYKLVK",307,"polypeptide(L)",34.015,
"3ZZI","1","A, B, C, D, E, F, G, H","UniProt","Q01217","MGHHHHHHVSSTNGFSATRSTVIQLLNNISTKREVEQYLKYFTSVSQQQFAVIKVGGAIISDNLHELASCLAFLYHVGLYPIVLHGTGPQVNGRLEAQGIEPDYIDGIRITDEHTMAVVRKCFLEQNLKLVTALEQLGVRARPITSGVFTADYLDKDKYKLVGNIKSVTKEPIEASIKAGALPILTSLAETASGQMLNVNADVAAGELARVFEPLKIVYLNEKGGIINGSTGEKISMINLDEEYDDLMKQSWVKYGTKLKIREIKELLDYLPRSSSVAIINVQDLQKELFTDSGAGTMIRRGYKLVKRSSIGEFPSADALRKALQRDAGISSGKESVASYLRYLENSDFVSYADEPLEAVAIVKKDTNVPTLDKFVCSDAAWLNNVTDNVFNVLRRDFPALQWVVSENDANIAWHFDKSQGSYLKGGKVLFWYGIDDINTISELVENFVKSCDTASTLNSSASS",464,"polypeptide(L)",51.34,
"41BI","1","A","UniProt","P01584","APVRSLNATLRDSQQKSLVMSGPYELKALHLQGQDMEQQVVFSMSFVQGEESNDKIPVALGLKEKNLYLSCVLKDDKPTLQLESVDPKNYPKKKMEKRFVFNKIEINNKLEFESAQFPNWYISTSQAENMPVFLGGTKGGQDITDFTMQFVSS",153,"polypeptide(L)",17.364,
"4A2P","1","A","UniProt","D3TI84","GAMETKKARSYQIELAQPAINGKNALICAPTGSGKTFVSILICEHHFQNMPAGRKAKVVFLATKVPVYEQQKNVFKHHFERQGYSVQGISGENFSNVSVEKVIEDSDIIVVTPQILVNSFEDGTLTSLSIFTLMIFDECHNTTGNHPYNVLMTRYLEQKFNSASQLPQILGLTASVGVGNAKNIEETIEHICSLCSYLDIQAISTVRENIQELQRFMNKPEIDVRLVKRRIHNPFAAIISNLMSETEALMRTIYSVDTLSQNSKKDFGTQNYEHWIVVTQRKCRLLQLEDKEEESRICRALFICTEHLRKYNDALIISEDARIIDALSYLTEFFTNVKNGPYTELEQHLTAKFQEKEPELIALSKDETNENPKLEELVCILDDAYRYNPQTRTLLFAKTRALVSALKKCMEENPILNYIKPGVLMGRGRRDQTTGMTLPSQKGVLDAFKTSKDNRLLIATSVADEGIDIVQCNLVVLYEYSGNVTKMIQVRGRGRAAGSKCILVTSKTEVVENEKCNRYKEEMMNKAVEKIQKWDEETFAKKIHNLQMKERVLRDS",556,"polypeptide(L)",63.329,
"4A2Q","1","A, B, D, E","UniProt","D3TI84","GAMMTADEKRSLQCYRRYIERSLNPVYVLGNMTDWLPDELRERIRKEEERGVSGAAALFLDAVLQLEARGWFRGMLDAMLAAGYTGLAEAIENWDFSKLEKLELHRQLLKRIEATMLEVDPVALIPYISTCLIDRECEEIQQISENRSKAAGITKLIECLCRSDKEHWPKSLQLALDTTGYYRASELWDIREDNAKDVDSEMTDASEDCLEASMTYSEEAEPDDNLSENLGSAAEGIGKPPPVYETKKARSYQIELAQPAINGKNALICAPTGSGKTFVSILICEHHFQNMPAGRKAKVVFLATKVPVYEQQKNVFKHHFERQGYSVQGISGENFSNVSVEKVIEDSDIIVVTPQILVNSFEDGTLTSLSIFTLMIFDECHNTTGNHPYNVLMTRYLEQKFNSASQLPQILGLTASVGVGNAKNIEETIEHICSLCSYLDIQAISTVRENIQELQRFMNKPEIDVRLVKRRIHNPFAAIISNLMSETEALMRTIYSVDTLSQNSKKDFGTQNYEHWIVVTQRKCRLLQLEDKEEESRICRALFICTEHLRKYNDALIISEDARIIDALSYLTEFFTNVKNGPYTELEQHLTAKFQEKEPELIALSKDETNENPKLEELVCILDDAYRYNPQTRTLLFAKTRALVSALKKCMEENPILNYIKPGVLMGRGRRDQTTGMTLPSQKGVLDAFKTSKDNRLLIATSVADEGIDIVQCNLVVLYEYSGNVTKMIQVRGRGRAAGSKCILVTSKTEVVENEKCNRYKEEMMNKAVEKIQKWDEETFAKKIHNLQMKERVLRDS",797,"polypeptide(L)",90.733,
"4A2W","1","A, B","UniProt","D3TI84","GAMGTADEKRSLQCYRRYIERSLNPVYVLGNMTDWLPDELRERIRKEEERGVSGAAALFLDAVLQLEARGWFRGMLDAMLAAGYTGLAEAIENWDFSKLEKLELHRQLLKRIEATMLEVDPVALIPYISTCLIDRECEEIQQISENRSKAAGITKLIECLCRSDKEHWPKSLQLALDTTGYYRASELWDIREDNAKDVDSEMTDASEDCLEASMTYSEEAEPDDNLSENLGSAAEGIGKPPPVYETKKARSYQIELAQPAINGKNALICAPTGSGKTFVSILICEHHFQNMPAGRKAKVVFLATKVPVYEQQKNVFKHHFERQGYSVQGISGENFSNVSVEKVIEDSDIIVVTPQILVNSFEDGTLTSLSIFTLMIFDECHNTTGNHPYNVLMTRYLEQKFNSASQLPQILGLTASVGVGNAKNIEETIEHICSLCSYLDIQAISTVRENIQELQRFMNKPEIDVRLVKRRIHNPFAAIISNLMSETEALMRTIAYVDTLSQNSKKDFGTQNYEHWIVVTQRKCRLLQLEDKEEESRICRALFICTEHLRKYNDALIISEDARIIDALSYLTEFFTNVKNGPYTELEQHLTAKFQEKEPELIALSKDETNENPKLEELVCILDDAYRYNPQTRTLLFAKTRALVSALKKCMEENPILNYIKPGVLMGRGRRDQTTGMTLPSQKGVLDAFKTSKDNRLLIATSVADEGIDIVQCNLVVLYEYSGNVTKMIQVRGRGRAAGSKCILVTSKTEVVENEKCNRYKEEMMNKAVEKIQKWDEETFAKKIHNLQMKERVLRDSRRKEIKPKVVEGQKNLLCGKCKAYACSTDDIRIIKDSHHIVLGEAFKERYTTKPHKKPMQFDGFEKKSKMYCRNNNCQHDWGITVKYLTFDNLPVIKIKSFVMESTATGTQMDFQKWKSINSSLKNFDVEEMSNLYPPF",936,"polypeptide(L)",106.916,
"4AD8","1","A","UniProt","Q9WXF2","GIDPFTMTRKARTPKAAPVPEAVAVVEPPPPDAAPTGPRLSRLEIRNLATITQLELELGGGFCAFTGETGAGKSIIVDALGLLLGGRANHDLIRSGEKELLVTGFWGDGDESEADSASRRLSSAGRGAARLSGEVVSVRELQEWAQGRLTIHWQHSAVSLLSPANQRGLLDRRVTKEAQAYAAAHAAWREAVSRLERLQASQRERARQIDLLAFQVQEISEVSPDPGEEEGLNTELSRLSNLHESSKHPTSLVPRGSGSAADPEALDRVEARLSALSKLKNKYGPTLEDVVEFGAQAAEELAGLEEDERDAGSLQADVDALHAELLKVGQALDAAREREAEPLVDSLLAVIRELGMPHARMEFALSALAEPAAYGLSDVLLRFSANPGEELGPLSDVASGGELSRVMLAVSTVLGADTPSVVFDEVDAGIGGAAAIAVAEQLSRLADTRQVLVVTHLAQIAARAHHHYKVEKQVEDGRTVSHVRLLTGDERLEEIARMLSGNTSEAALEHARELLAG",517,"polypeptide(L)",55.155,
"4AGE","1","A, B, C, D, E, F, G","UniProt","P0C0S1","MEDLNVVDSINGAGSWLVANQALLLSYAVNIVAALAIIIVGLIIARMISNAVNRLMISRKIDATVACFLSALVRYGIIAFTLIAALGRVGVQTASVIAVLGAAGLAVGLALQGSLSNLAAGVLLVMFRPFRAGEYVDLGGVAGTVLSVQIFSTTMRTADGKIIVIPNGKIIAGNIINFSREPVRRNEFIIGVAYDSDIDQVKQILTNIIQSEDRILKDREMTVRLNELGASSINFVVRVWSNSGDLQNVYWDVLERIKREFDAAGISFPYPQMDVNFKRVKEDKAA",286,"polypeptide(L)",30.911,
"4AGF","1","A, B, C, D, E, F, G","UniProt","P0C0S1","MEDLNVVDSINGAGSWLVANQALLLSYAVNIVAALAIIIVGLIIARMISNAVNRLMISRKIDATVADFLSALVRYGIIAFTLIAALGRVGVQTASVIAVLGAAGLAVGLALQGSLSNLAAGVLCVMFRPFRAGEYVDLGGVAGTVLSVQIFSTTMRTADGKIIVIPNGKIIAGNIINFSREPVRRNEFIIGVAYDSDIDQVKQILTNIIQSEDRILKDREMTVRLNELGASSINFVVRVWSNSGDLQNVYWDVLERIKREFDAAGISFPYPQMDVNFKRVKEDKAA",286,"polypeptide(L)",30.913,
"4AH6","1","A, B, C, D","UniProt","Q6PI48","MIPEFSSFVVRTNTCGELRSSHLGQEVTLCGWIQYRRQNTFLVLRDFDGLVQVIIPQDESAASVKKILCEAPVESVVQVSGTVISRPAGQENPKMPTGEIEIKVKTAELLNACKKLPFEIKNFVKKTEALRLQYRYLDLRSFQMQYNLRLRSQMVMKMREYLCNLHGFVDIETPTLFKRTPGGAKEFLVPSREPGKFYSLPQSPQQFKQLLMVGGLDRYFQVARCYRDEGSRPDRQPEFTQIDIEMSFVDQTGIQSLIEGLLQYSWPNDKDPVVVPFPTMTFAEVLATYGTDKPDTRFGMKIIDISDVFRNTEIGFLQDALSKPHGTVKAICIPEGAKYLKRKDIESIRNFAADHFNQEILPVFLNANRNWNSPVANFIMESQRLELIRLMETQEEDVVLLTAGEHNKACSLLGKLRLECADLLETRGVVLRDPTLFSFLWVVDFPLFLPKEENPRELESAHHPFTAPHPSDIHLLYTEPKKARSQHYDLVLNGNEIGGGSIRIHNAELQRYILATLLKEDVKMLSHLLQALDYGAPPHGGIALGLDRLICLVTGSPSIRDVIAFPKSFRGHDLMSNTPDSVPPEELKPYHIRVSKPTDSKAERAHVMYLEHHHHHH",617,"polypeptide(L)",70.378,
"4ASN","1","A, B, C","UniProt","Q848W2","MSDYFEEVMRKLTIEDVSILGWLFQNEANAVFKAIKKSSIADELEYSTANFRKTLNKLEAIHFIGTVTGGKEHKLYLTEYGQQAVQQAIHHGEENEEVEEI",101,"polypeptide(L)",11.701,
"4ATS","1","A","UniProt","Q3V4T6","MGSSHHHHHHSSGLVPRGSHMGEKITEEREFQSISEIPEEEIDATNDEEKLADIVENEIEKEIRKSKTRKCKTIENFYYYILRDGKIYPASDYDIEVEKGKRSANDIYAFVETDVTRDFDEFLFDIDYGLPSISDILKFYLEKAGFRIANEVPTPNLKYYIHAVVEFGEDRPQYLAVNIYDIDSLARALRIPQIVEQKLGNKPRTITADEFNDIERIVAEEQPILAGYTYDEALRIPYHYYVDHNNSFKDDALKIAHAYLQLFPTPYQVCYEWKARWFNKIDCLKLERLKPSS",293,"polypeptide(L)",34.366,
"4ATW","1","A, B, C, D, E, F","UniProt","Q9WYB7","HSYRIVVDPKEVVKPISRHIYGHFTEHLGRCIYGGIYEEGSPLSDERGFRKDVLEAVKRIKVPNLRWPGGNFVSNYHWEDGIGPKDQRPVRFDLAWQQEETNRFGTDEFIEYCREIGAEPYISINMGTGTLDEALHWLEYCNGKGNTYYAQLRRKYGHPEPYNVKFWGIGNEMYGEWQVGHMTADEYARAAKEYTKWMKVFDPTIKAIAVGCDDPIWNLRVLQEAGDVIDFISYHFYTGSDDYYETVSTVYLLKERLIGVKKLIDMVDTARKRGVKIALDEWNVWYRVSDNKLEEPYDLKDGIFACGVLVLLQKMSDIVPLANLAQLVNALGAIHTEKDGLILTPVYKAFELIVNHSGEKLVKTHVESETYNIEGVMFINKMPFSVENAPFLDAAASISEDGKKLFIAVVNYRKEDALKVPIRVEGLGQKKATVYTLTGPDVNARNTMENPNVVDITSETITVDTEFEHTFKPFSCSVIEVE",482,"polypeptide(L)",55.099,
"4AU4","1","A, B, C, D, E, F, G","UniProt","C7C419","MLSPKAATLAERSAGLAFSLYQAMAKDQAVENILLSPVVVASSLGLVSLGGKATTASQAKAVLSAEQLRDEEVHAGLGELLRSLSNSTARNVTWKLGSRLYGPSSVSFAEDFVRSSKQHYNCEHSKINFRDKRSALQSINEWAAQTTDGKLPEVTKDVERTDGALLVNAMFFKPHWDEKFHHKMVDNRGFMVTRSYTVGVTMMHRTGLYNYYDDEKEKLQIVEMPLAHKLSSLIILMPHHVEPLERLEKLLTKEQLKIWMGKMQKKAVAISLPKGVVEVTHDLQKHLAGLGLTEAIDKNKADLSRMSGKKDLYLASVFHATAFEWDTEGNPFDQDIYGREELRSPKLFYADHPFIFLVRDTQSGSLLFIGRLVRPKGDKMRDELLEHHHHHH",392,"polypeptide(L)",44.284,
